[
  {
    "id": 1,
    "ten": "Mai",
    "hodem": "Thục Anh",
    "diachi": "23 Hoàng Đạo Thúy, Thanh Xuân, Hà Nội"
  },
  {
    "id": 2,
    "ten": "Hoàng",
    "hodem": "Sinh Hồng",
    "diachi": "23 Hoàng Đạo Thúy, Thanh Xuân, Hà Nội"
  },
  {
    "id": 3,
    "ten": "Trịnh",
    "hodem": "Mai Trung",
    "diachi": "141 Đường Láng, Cầu Giấy, Hà Nội"
  },
  {
    "id": 4,
    "ten": "Hoàng",
    "hodem": "Nguyễn Văn",
    "diachi": "141 Đường Láng, Cầu Giấy, Hà Nội"
  },
  {
    "id": 5,
    "ten": "Lê",
    "hodem": "Minh Tâm",
    "diachi": "45 Nguyễn Trãi, Hà Nội"
  }
]
